{
  "metadata": {
    "exportDate": "2025-11-04T10:35:13.182Z",
    "totalArticles": 49,
    "categories": {
      "FROM_EXCEL": 0,
      "SHOP_ONLY": 0,
      "NEEDS_TIER_QUANTITIES": 0,
      "OTHER": 49
    },
    "version": "1.0.0",
    "exportedFrom": "Screenshot_Algo System"
  },
  "articles": [
    {
      "id": "854eea1d-90d3-424b-be47-bfe1b4ebc204",
      "articleNumber": "8358",
      "productName": "1,5 Kg Papiertragetasche Kartoffeln Neu",
      "description": "Produktinformationen \"1,5 kg Papiertragetasche Kartoffeln NEU” Maße: 180 + 80 x 220 mm Qualität: 90 g/m?, 1,5 kg, im Karton a 250 Stück Es fallen zusätzlich Entsorgungsgebühren der systembeteiligungspflichtigen Verpackungen an. It. VerpackungsG 5 3 Abs. 1, 5 7 Abs. 1-3 und 5 9 Bitte geben Sie uns einen Hinweis, falls Sie die Gebühren selbst entrichten.",
      "price": 0,
      "tieredPrices": [
        {
          "price": "33.54",
          "quantity": 11
        },
        {
          "price": ".60",
          "quantity": 35
        },
        {
          "price": "22.70",
          "quantity": 49
        },
        {
          "price": "20.59",
          "quantity": 50
        }
      ],
      "tieredPricesText": "Anzahl Stückpreis Grundpreis\n\nBiss 35,60 €* 0,14 €*/ 1 Stück\nBis 11 33,54 €* 0,13 €*/1 Stück\nBis 49 22,70 €* 0,09 €*/ 1 Stück\nAb 50 20,59 €* 0,08 €*/ 1 Stück",
      "currency": "EUR",
      "imageUrl": "/api/images/screenshots/052f82d3-3fdd-4878-b3d2-15c37663b1d9/8358/product-image.png",
      "thumbnailUrl": "/api/images/screenshots/052f82d3-3fdd-4878-b3d2-15c37663b1d9/8358/article-number.png",
      "ean": null,
      "category": null,
      "manufacturer": null,
      "sourceUrl": "https://shop.firmenich.de/Papier/1-5-kg-Papiertragetasche-Kartoffeln-NEU",
      "crawlJobId": "052f82d3-3fdd-4878-b3d2-15c37663b1d9",
      "ocrConfidence": 86.5,
      "verified": false,
      "published": true,
      "createdAt": "2025-11-03T20:42:50.161Z",
      "updatedAt": "2025-11-03T20:42:50.161Z"
    },
    {
      "id": "e1f54f20-a3dc-4f1f-8f80-4496fc42c547",
      "articleNumber": "8194",
      "productName": "Deko-heidelbeeren",
      "description": "Produktinformationen \"Deko-Heidelbeeren” im Beutel zu 100 Stück D:1 cm Heidelbeer-Attrappen (100 Stück) - Realitätsgetreue Nachbildung Diese detailgetreuen Heidelbeer-Nachbildungen aus hochwertigem Kunststoff eignen sich perfekt für verschiedene Einsatzbereiche. Sie sind langlebig, pflegeleicht und abwaschbar, sodass sie über viele Jahre hinweg verwendet werden können. Ideal geeignet für: * Dekoration in Schaufenstern, Fachgeschäften oder Spezialitätenrestaurants « Demonstrationszwecke in der Ve",
      "price": 83.67,
      "tieredPrices": [],
      "tieredPricesText": null,
      "currency": "EUR",
      "imageUrl": "/api/images/screenshots/052f82d3-3fdd-4878-b3d2-15c37663b1d9/8194/product-image.png",
      "thumbnailUrl": "/api/images/screenshots/052f82d3-3fdd-4878-b3d2-15c37663b1d9/8194/article-number.png",
      "ean": null,
      "category": null,
      "manufacturer": null,
      "sourceUrl": "https://shop.firmenich.de/Werbefiguren/Deko-Heidelbeeren",
      "crawlJobId": "052f82d3-3fdd-4878-b3d2-15c37663b1d9",
      "ocrConfidence": 92,
      "verified": false,
      "published": true,
      "createdAt": "2025-11-03T20:42:50.157Z",
      "updatedAt": "2025-11-03T20:42:50.157Z"
    },
    {
      "id": "2380289c-8096-435d-ba10-dbee24e1392e",
      "articleNumber": "1138",
      "productName": "1kg Premium-spargel-schale",
      "description": "Produktinformationen \"1 kg Premium-Spargel-Schale 1 kg Premium-Spargel-Schale aus hellem Eschenholz (6 Schalen passen in kg-Steige) Male: 260 x 125 x 70 mm + optischer Hingucker + hohe Stabilität + umweltfreundlich & verkaufstördernd + 1VE=88 Stck + Preis I Stck",
      "price": 0.43,
      "tieredPrices": [],
      "tieredPricesText": null,
      "currency": "EUR",
      "imageUrl": "/api/images/screenshots/052f82d3-3fdd-4878-b3d2-15c37663b1d9/1138/product-image.png",
      "thumbnailUrl": "/api/images/screenshots/052f82d3-3fdd-4878-b3d2-15c37663b1d9/1138/article-number.png",
      "ean": null,
      "category": null,
      "manufacturer": null,
      "sourceUrl": "https://shop.firmenich.de/Spankoerbe/1-kg-Premium-Spargel-Schale",
      "crawlJobId": "052f82d3-3fdd-4878-b3d2-15c37663b1d9",
      "ocrConfidence": 88.75,
      "verified": false,
      "published": true,
      "createdAt": "2025-11-03T20:42:50.151Z",
      "updatedAt": "2025-11-03T20:42:50.151Z"
    },
    {
      "id": "59371b12-8236-4317-a59d-e8f7068e0ec3",
      "articleNumber": "8199",
      "productName": "Deko-spargelstangen Weiss",
      "description": "Produktinformationen \"Deko-Spargelstangen weiß” im Bund ä 6 Stück ca. 22 cm Spargelbund-Attrappen (6 Stangen, ca. 20 cm) - Realitätsgetreue Nachbildung Diese hochwertigen Spargel-Nachbildungen aus Kunststoff sehen täuschend echt aus und eignen sich perfekt für verschiedene Einsatzbereiche. Sie sind langlebig, abwaschbar und über viele Jahre hinweg verwendbar. Ideal geeignet für: * Dekoration in Fachgeschäften und Schaufenstern « Demonstrationszwecke in der Verpackungsindustrie Lehrmittel für Fac",
      "price": 25.94,
      "tieredPrices": [],
      "tieredPricesText": null,
      "currency": "EUR",
      "imageUrl": "/api/images/screenshots/052f82d3-3fdd-4878-b3d2-15c37663b1d9/8199/product-image.png",
      "thumbnailUrl": "/api/images/screenshots/052f82d3-3fdd-4878-b3d2-15c37663b1d9/8199/article-number.png",
      "ean": null,
      "category": null,
      "manufacturer": null,
      "sourceUrl": "https://shop.firmenich.de/Werbefiguren/Deko-Spargelstangen-weiss",
      "crawlJobId": "052f82d3-3fdd-4878-b3d2-15c37663b1d9",
      "ocrConfidence": 91.75,
      "verified": false,
      "published": true,
      "createdAt": "2025-11-03T20:42:50.147Z",
      "updatedAt": "2025-11-03T20:42:50.147Z"
    },
    {
      "id": "35fa4951-344d-4d9f-982c-b98540073898",
      "articleNumber": "4141",
      "productName": "Bodenplatte 50 X 50 Cm",
      "description": "Produktinformationen \"Bodenplatte 50 x 50 cm Produktdetails Unsere Bodenplatte wird inklusive Dorn und Gummistoppern geliefert. Zusammen verhelfen sie Ihrer Beachflag zu einem festen aufrechten Stand und einem makellosen Werbeauftritt, an jedem beliebigen Ort. Die Bodenplatte ist erhältlich in zwei Größen: 40 cm x 40 cm und 50 cm x 50 cm. mit Grifföffnung 40 cm x 40 cm ca. 10 kg Unterseite mit fixierten Gummistoppern für festen Halt und Schutz von empfindlichen Stellflächen Lieferumfang 1x Boden",
      "price": 86.35,
      "tieredPrices": [],
      "tieredPricesText": null,
      "currency": "EUR",
      "imageUrl": "/api/images/screenshots/052f82d3-3fdd-4878-b3d2-15c37663b1d9/4141/product-image.png",
      "thumbnailUrl": "/api/images/screenshots/052f82d3-3fdd-4878-b3d2-15c37663b1d9/4141/article-number.png",
      "ean": null,
      "category": null,
      "manufacturer": null,
      "sourceUrl": "https://shop.firmenich.de/Zubehoer/Bodenplatte-50-x-50-cm",
      "crawlJobId": "052f82d3-3fdd-4878-b3d2-15c37663b1d9",
      "ocrConfidence": 93.75,
      "verified": false,
      "published": true,
      "createdAt": "2025-11-03T20:42:50.143Z",
      "updatedAt": "2025-11-03T20:42:50.143Z"
    },
    {
      "id": "cb3185fc-5ac8-4397-a3e6-e971de8b935f",
      "articleNumber": "8195",
      "productName": "DEKO-HIMBEEREN",
      "description": "Produktinformationen \"Deko-Himbeeren” im Beutel zu 12 Stück D:1,5 cm x H:2 cm Gewicht: 0,08 kg Himbeer-Attrappen (12 Stück) - Realitätsgetreue Nachbildung Diese hochwertigen Himbeer-Nachbildungen aus Kunststoff sind langlebig, pflegeleicht und abwaschbar. Sie eignen sich perfekt für verschiedene Anwendungen und bleiben über viele Jahre hinweg in einwandfreiem Zustand. Ideal geeignet für: * Dekoration in Fachgeschäften und Schaufenstern « Demonstrationszwecke in der Verpackungsindustrie « Lehrmit",
      "price": 30.12,
      "tieredPrices": [],
      "tieredPricesText": null,
      "currency": "EUR",
      "imageUrl": "/api/images/screenshots/052f82d3-3fdd-4878-b3d2-15c37663b1d9/8195/product-image.png",
      "thumbnailUrl": "/api/images/screenshots/052f82d3-3fdd-4878-b3d2-15c37663b1d9/8195/article-number.png",
      "ean": null,
      "category": null,
      "manufacturer": null,
      "sourceUrl": "https://shop.firmenich.de/Werbefiguren/Deko-Himbeeren",
      "crawlJobId": "052f82d3-3fdd-4878-b3d2-15c37663b1d9",
      "ocrConfidence": 91,
      "verified": false,
      "published": true,
      "createdAt": "2025-11-03T20:42:50.139Z",
      "updatedAt": "2025-11-03T20:42:50.139Z"
    },
    {
      "id": "3b540070-0f89-4e4e-b5c1-65670dfcbed2",
      "articleNumber": "8198",
      "productName": "DEKO-ERDBEEREN",
      "description": "Produktinformationen \"Deko-Erdbeeren” im Beutel ä 24 Stück L: 2,5-4,5 cm B: 2,5 cm H: 4,5 cm Erdbeer-Attrappen (24 Stück) - Realitätsgetreue Nachbildung Diese hochwertigen Erdbeer-Nachbildungen aus Kunststoff sehen täuschend echt aus und besitzen ein realistisches Gewicht. Sie eignen sich perfekt zur Dekoration von Tischen, Theken oder Buffets in Restaurants sowie für Präsentationen auf Messen. Ideal geeignet für: * Dekoration in Fachgeschäften und Schaufenstern « Demonstrationszwecke in der Ver",
      "price": 50.2,
      "tieredPrices": [],
      "tieredPricesText": null,
      "currency": "EUR",
      "imageUrl": "/api/images/screenshots/052f82d3-3fdd-4878-b3d2-15c37663b1d9/8198/product-image.png",
      "thumbnailUrl": "/api/images/screenshots/052f82d3-3fdd-4878-b3d2-15c37663b1d9/8198/article-number.png",
      "ean": null,
      "category": null,
      "manufacturer": null,
      "sourceUrl": "https://shop.firmenich.de/Werbefiguren/Deko-Erdbeeren",
      "crawlJobId": "052f82d3-3fdd-4878-b3d2-15c37663b1d9",
      "ocrConfidence": 91.25,
      "verified": false,
      "published": true,
      "createdAt": "2025-11-03T20:42:50.136Z",
      "updatedAt": "2025-11-03T20:42:50.136Z"
    },
    {
      "id": "81d4ecab-cd24-44b1-8d3c-3433f5809085",
      "articleNumber": "8196",
      "productName": "DEKO-KARTOFFELN",
      "description": "Produktinformationen \"Deko-Kartoffeln” L: 9 cm B: 6,5 cm H: 4,5 cm Gewicht: 0.2 kg Feldkartoffel-Attrappe - Realitätsgetreues Modell Diese hochwertige Nachbildung einer Feldkartoffel überzeugt durch ihr realistisches Gewicht und eine detailgetreue Optik. Da die Attrappe aus vollem Material gefertigt ist, fühlt sie sich besonders authentisch an. Dank sorgfältiger Handarbeit ist sie langlebig, abwaschbar und kaum von einer echten Kartoffel zu unterscheiden. Ideal geeignet für: * Dekoration in Fach",
      "price": 21.11,
      "tieredPrices": [],
      "tieredPricesText": null,
      "currency": "EUR",
      "imageUrl": "/api/images/screenshots/052f82d3-3fdd-4878-b3d2-15c37663b1d9/8196/product-image.png",
      "thumbnailUrl": "/api/images/screenshots/052f82d3-3fdd-4878-b3d2-15c37663b1d9/8196/article-number.png",
      "ean": null,
      "category": null,
      "manufacturer": null,
      "sourceUrl": "https://shop.firmenich.de/Werbefiguren/Deko-Kartoffeln",
      "crawlJobId": "052f82d3-3fdd-4878-b3d2-15c37663b1d9",
      "ocrConfidence": 91.25,
      "verified": false,
      "published": true,
      "createdAt": "2025-11-03T20:42:50.131Z",
      "updatedAt": "2025-11-03T20:42:50.131Z"
    },
    {
      "id": "4d600f5b-db53-4204-8a70-58819ec55f4a",
      "articleNumber": "8197",
      "productName": "Deko-spargelstangen Grün",
      "description": "Produktinformationen \"Deko-Spargelstangen grün” Bund ä 6 Stück D: 4 cm H: 20 cm Grüner Spargel - Realitätsgetreue Nachbildung (6 Stangen) Diese hochwertigen Spargel-Attrappen aus Kunststoff sehen nicht nur täuschend echt aus, sondern besitzen auch ein realistisches Gewicht. Sie eignen sich ideal zur Dekoration von Tischen, Theken oder Buffets in Restaurants sowie für Präsentationen auf Messen. Ideal geeignet für: * Dekoration in Fachgeschäften und Schaufenstern « Demonstrationszwecke in der Verp",
      "price": 25.94,
      "tieredPrices": [],
      "tieredPricesText": null,
      "currency": "EUR",
      "imageUrl": "/api/images/screenshots/052f82d3-3fdd-4878-b3d2-15c37663b1d9/8197/product-image.png",
      "thumbnailUrl": "/api/images/screenshots/052f82d3-3fdd-4878-b3d2-15c37663b1d9/8197/article-number.png",
      "ean": null,
      "category": null,
      "manufacturer": null,
      "sourceUrl": "https://shop.firmenich.de/Werbefiguren/Deko-Spargelstangen-gruen",
      "crawlJobId": "052f82d3-3fdd-4878-b3d2-15c37663b1d9",
      "ocrConfidence": 91.5,
      "verified": false,
      "published": true,
      "createdAt": "2025-11-03T20:42:50.127Z",
      "updatedAt": "2025-11-03T20:42:50.127Z"
    },
    {
      "id": "0a71f9ee-4cf0-4bae-9af8-badb14521446",
      "articleNumber": "1349",
      "productName": "Bauzaun-banner Xxl Spargel + Erdbeeren",
      "description": "Produktinformationen \"Bauzaun-Banner XXL Spargel + Erdbeeren” Motiv: Spargel + Erdbeeren 340 x 174 cm PVC Plane 500g? oder Netzgittergewebe B1, ca. 340g/m? gesäumt und geöst",
      "price": 60.89,
      "tieredPrices": [],
      "tieredPricesText": null,
      "currency": "EUR",
      "imageUrl": "/api/images/screenshots/052f82d3-3fdd-4878-b3d2-15c37663b1d9/1349/product-image.png",
      "thumbnailUrl": "/api/images/screenshots/052f82d3-3fdd-4878-b3d2-15c37663b1d9/1349/article-number.png",
      "ean": null,
      "category": null,
      "manufacturer": null,
      "sourceUrl": "https://shop.firmenich.de/Bauzaunbanner-340-x-174/Bauzaun-Banner-XXL-Spargel-Erdbeeren",
      "crawlJobId": "052f82d3-3fdd-4878-b3d2-15c37663b1d9",
      "ocrConfidence": 92.75,
      "verified": false,
      "published": true,
      "createdAt": "2025-11-03T20:42:50.124Z",
      "updatedAt": "2025-11-03T20:42:50.124Z"
    },
    {
      "id": "f585190d-35bd-43ec-8095-e5c88b1eb177",
      "articleNumber": "1334",
      "productName": "Bauzaun-banner Xxl Kartoffeln Mesh",
      "description": "Produktinformationen \"Bauzaun-Banner XXL Kartoffeln Mesh 340 x 174 cm Netzgittergewebe B1, ca. 340g/m? gesäumt und geöst XXL Werbebanner (340 x 174 cm) UV-beständig und wetterfest Unsere Bauzaun-Werbebanner sind mit einer Größe von 340x175cm passgenau auf handelsübliche Bauzäune abgestimmt. Die wetterfesten und widerstandsfähigen Werbeplanen werden wahlweise auf eine hoch reißfeste und pickle PVC-Plane oder auf ein netzgitterartiges, winddurchlässiges Mesh-Pianenmaterial gedruckt. Beide Bannerma",
      "price": 60.89,
      "tieredPrices": [],
      "tieredPricesText": null,
      "currency": "EUR",
      "imageUrl": "/api/images/screenshots/052f82d3-3fdd-4878-b3d2-15c37663b1d9/1334/product-image.png",
      "thumbnailUrl": "/api/images/screenshots/052f82d3-3fdd-4878-b3d2-15c37663b1d9/1334/article-number.png",
      "ean": null,
      "category": null,
      "manufacturer": null,
      "sourceUrl": "https://shop.firmenich.de/Bauzaunbanner-340-x-174/Bauzaun-Banner-XXL-Kartoffeln-Mesh-Mesh-340g-m2",
      "crawlJobId": "052f82d3-3fdd-4878-b3d2-15c37663b1d9",
      "ocrConfidence": 90.25,
      "verified": false,
      "published": true,
      "createdAt": "2025-11-03T20:42:50.120Z",
      "updatedAt": "2025-11-03T20:42:50.120Z"
    },
    {
      "id": "aa9b5a15-242f-40e8-b30d-09f2b8fa4321",
      "articleNumber": "1335",
      "productName": "Bauzaun-banner Xxl Tannenbäume Pvc",
      "description": "Produktinformationen \"Bauzaun-Banner XXL Tannenbäume PVC 340 x 174 cm PVC 500g/m? gesäumt und geöst XXL Werbebanner (340 x 174 cm) UV-beständig und wetterfest Unsere Bauzaun-Werbebanner sind mit einer Größe von 340x175cm passgenau auf handelsübliche Bauzäune abgestimmt. Die wetterfesten und widerstandsfähigen Werbeplanen werden wahlweise auf eine hoch reißfeste und blickdichte PVC-Plane oder auf ein netzgitterartiges, windalurchlässiges Mesh-Planenmaterial gedruckt. Beide Bannermaterialien eigne",
      "price": 60.89,
      "tieredPrices": [],
      "tieredPricesText": null,
      "currency": "EUR",
      "imageUrl": "/api/images/screenshots/052f82d3-3fdd-4878-b3d2-15c37663b1d9/1335/product-image.png",
      "thumbnailUrl": "/api/images/screenshots/052f82d3-3fdd-4878-b3d2-15c37663b1d9/1335/article-number.png",
      "ean": null,
      "category": null,
      "manufacturer": null,
      "sourceUrl": "https://shop.firmenich.de/Bauzaunbanner-340-x-174/Bauzaun-Banner-XXL-Tannenbaeume-PVC-PVC-510-g-m2",
      "crawlJobId": "052f82d3-3fdd-4878-b3d2-15c37663b1d9",
      "ocrConfidence": 90,
      "verified": false,
      "published": true,
      "createdAt": "2025-11-03T20:42:50.114Z",
      "updatedAt": "2025-11-03T20:42:50.114Z"
    },
    {
      "id": "45a7c3d4-16d5-48b0-955c-cd98f30577c7",
      "articleNumber": "1333",
      "productName": "Bauzaun-banner Xxl Frische Kartoffeln Pvc",
      "description": "Produktinformationen \"Bauzaun-Banner XXL frische Kartoffeln PVC 340 x 174 cm PVC 500g/m? gesäumt und geöst XXL Werbebanner (340 x 174 cm) UV-beständig und wetterfest Unsere Bauzaun-Werbebanner sind mit einer Größe von 340x175cm passgenau auf handelsübliche Bauzäune abgestimmt. Die weiterfesten und widerstandsfähigen Werbeplanen werden wahlweise auf eine hoch effete und ickdichte PVC-Plane oder auf ein netzgitterariges, Winddurchlässiges Mesh-Planenmaterial gedruckt. Beide Bannermaterialien eigne",
      "price": 60.89,
      "tieredPrices": [],
      "tieredPricesText": null,
      "currency": "EUR",
      "imageUrl": "/api/images/screenshots/052f82d3-3fdd-4878-b3d2-15c37663b1d9/1333/product-image.png",
      "thumbnailUrl": "/api/images/screenshots/052f82d3-3fdd-4878-b3d2-15c37663b1d9/1333/article-number.png",
      "ean": null,
      "category": null,
      "manufacturer": null,
      "sourceUrl": "https://shop.firmenich.de/Bauzaunbanner-340-x-174/Bauzaun-Banner-XXL-frische-Kartoffeln-PVC-PVC-510-g-m2",
      "crawlJobId": "052f82d3-3fdd-4878-b3d2-15c37663b1d9",
      "ocrConfidence": 89.5,
      "verified": false,
      "published": true,
      "createdAt": "2025-11-03T20:42:50.110Z",
      "updatedAt": "2025-11-03T20:42:50.110Z"
    },
    {
      "id": "ef99cff8-afcd-48de-b0b8-68f7435ad2a8",
      "articleNumber": "1336",
      "productName": "Bauzaun-banner Xxl Weihnachten Mesh",
      "description": "Produktinformationen \"Bauzaun-Banner XXL Weihnachten Mesh 340 x 174 cm Netzgittergewebe B1, ca. 340g/m? gesäumt und geöst XXL Werbebanner (340 x 174 cm) UV-beständig und wetterfest Unsere Bauzaun-Werbebanner sind mit einer Größe von 340x175cm passgenau auf handelsübliche Bauzäune abgestimmt. Die weiterfesten und widerstandsfähigen Werbeplanen werden wahlweise auf eine hoch reißfeste und lickdichte PVC-Plane oder auf ein netzgitterariges, winddurchlässiges Mesh-Planenmaterial gedruckt. Beide Bann",
      "price": 60.89,
      "tieredPrices": [],
      "tieredPricesText": null,
      "currency": "EUR",
      "imageUrl": "/api/images/screenshots/052f82d3-3fdd-4878-b3d2-15c37663b1d9/1336/product-image.png",
      "thumbnailUrl": "/api/images/screenshots/052f82d3-3fdd-4878-b3d2-15c37663b1d9/1336/article-number.png",
      "ean": null,
      "category": null,
      "manufacturer": null,
      "sourceUrl": "https://shop.firmenich.de/Bauzaunbanner-340-x-174/Bauzaun-Banner-XXL-individuell-mesh-Mesh-340g-m2",
      "crawlJobId": "052f82d3-3fdd-4878-b3d2-15c37663b1d9",
      "ocrConfidence": 90.25,
      "verified": false,
      "published": true,
      "createdAt": "2025-11-03T20:42:50.106Z",
      "updatedAt": "2025-11-03T20:42:50.106Z"
    },
    {
      "id": "2c98af3d-d970-4574-8b48-a48711341d89",
      "articleNumber": "5020",
      "productName": "Bandstahlputzmesser Gelb",
      "description": "Produktinformationen \"Bandstahlputzmesser gelb” 200 Stück im Karton",
      "price": 0,
      "tieredPrices": [
        {
          "price": "0.76",
          "quantity": 199
        },
        {
          "price": "0.71",
          "quantity": 200
        }
      ],
      "tieredPricesText": "© servicerHilfe\n\negriff eingeben Q © & Goooe\nBis 199 0,76 €*\nAb 200 0,71€*",
      "currency": "EUR",
      "imageUrl": "/api/images/screenshots/052f82d3-3fdd-4878-b3d2-15c37663b1d9/5020/product-image.png",
      "thumbnailUrl": "/api/images/screenshots/052f82d3-3fdd-4878-b3d2-15c37663b1d9/5020/article-number.png",
      "ean": null,
      "category": null,
      "manufacturer": null,
      "sourceUrl": "https://shop.firmenich.de/Solinger-Messerwelten/Bandstahlputzmesser-gelb-gelb-ohne-Aufdruck",
      "crawlJobId": "052f82d3-3fdd-4878-b3d2-15c37663b1d9",
      "ocrConfidence": 88.75,
      "verified": false,
      "published": true,
      "createdAt": "2025-11-03T20:42:50.103Z",
      "updatedAt": "2025-11-03T20:42:50.103Z"
    },
    {
      "id": "660f8a50-c3e3-4cc2-a2c7-6a9d8cbd48bc",
      "articleNumber": "2195",
      "productName": "Asal Sauce Hollandaise Kalorienreduziert Ohne Geschmacksverstärker",
      "description": "Produktinformationen \"ASAL Sauce Hollandaise kalorienreduziert ohne Geschmacksverstärker” Pulver im Beutel 4 40 g im Display ä 30 Beutel (Preis pro Stück) ideal fiir alle Direktvermarkter hervorragender Geschmack MHD über 2 Saisons (daher Kauf ohne Risiko) keine zusätzliche Butter notwendig wenig Kalorien (77 kcal/100 ml Sauce) 1 Beutel = 40 g = 250 ml Sauce einfache Zubereitung Werbematerialen gratis bei Lieferung zum Herstellerpreis! Kalorienreduzierter Saucen-Klassiker ohne Geschmacksverstärk",
      "price": 0,
      "tieredPrices": [],
      "tieredPricesText": null,
      "currency": "EUR",
      "imageUrl": "/api/images/screenshots/052f82d3-3fdd-4878-b3d2-15c37663b1d9/2195/product-image.png",
      "thumbnailUrl": "/api/images/screenshots/052f82d3-3fdd-4878-b3d2-15c37663b1d9/2195/article-number.png",
      "ean": null,
      "category": null,
      "manufacturer": null,
      "sourceUrl": "https://shop.firmenich.de/Saucen/ASAL-Sauce-Hollandaise-kalorienreduziert-ohne-Geschmacksverstaerker",
      "crawlJobId": "052f82d3-3fdd-4878-b3d2-15c37663b1d9",
      "ocrConfidence": 92.66666666666667,
      "verified": false,
      "published": true,
      "createdAt": "2025-11-03T20:42:50.097Z",
      "updatedAt": "2025-11-03T20:42:50.097Z"
    },
    {
      "id": "c8327e28-2ee0-4aae-80dc-6f1353840ec7",
      "articleNumber": "2188",
      "productName": "Asal Sauce Hollandaise Kalorienreduziert",
      "description": "Produktinformationen \"ASAL Sauce Hollandaise kalorienreduziert” Pulver im Beutel ä 40 g im Display ä 30 Beutel (Preis pro Stück) ideal für alle Direktvermarkter « hervorragender Geschmack * MHD über 2 Saisons (daher Kauf ohne Risiko) * keine zusätzliche Butter notwendig + wenig Kalorien (77 kcal/100 ml Sauce) * 1 Beutel = 40 g = 250 ml Sauce « einfache Zubereitung « Werbematerialen gratis bei Lieferung zum Herstellerpreis! Schmeckt vorzüglich zu Spargel, Blumenkohl, Brokkoli, Fisch- und Gefligel",
      "price": 0,
      "tieredPrices": [],
      "tieredPricesText": null,
      "currency": "EUR",
      "imageUrl": "/api/images/screenshots/052f82d3-3fdd-4878-b3d2-15c37663b1d9/2188/product-image.png",
      "thumbnailUrl": "/api/images/screenshots/052f82d3-3fdd-4878-b3d2-15c37663b1d9/2188/article-number.png",
      "ean": null,
      "category": null,
      "manufacturer": null,
      "sourceUrl": "https://shop.firmenich.de/Saucen/ASAL-Sauce-Hollandaise-kalorienreduziert",
      "crawlJobId": "052f82d3-3fdd-4878-b3d2-15c37663b1d9",
      "ocrConfidence": 92.33333333333333,
      "verified": false,
      "published": true,
      "createdAt": "2025-11-03T20:42:50.093Z",
      "updatedAt": "2025-11-03T20:42:50.093Z"
    },
    {
      "id": "7e2582d1-def5-4361-b62d-8ee2cfecde93",
      "articleNumber": "6545",
      "productName": "Auszeichner New Smart 626",
      "description": "Produktinformationen \"Auszeichner New Smart 626 * 1 Zeiler",
      "price": 45.82,
      "tieredPrices": [],
      "tieredPricesText": null,
      "currency": "EUR",
      "imageUrl": "/api/images/screenshots/052f82d3-3fdd-4878-b3d2-15c37663b1d9/6545/product-image.png",
      "thumbnailUrl": "/api/images/screenshots/052f82d3-3fdd-4878-b3d2-15c37663b1d9/6545/article-number.png",
      "ean": null,
      "category": null,
      "manufacturer": null,
      "sourceUrl": "https://shop.firmenich.de/Zubehoer/Auszeichner-New-Smart-626",
      "crawlJobId": "052f82d3-3fdd-4878-b3d2-15c37663b1d9",
      "ocrConfidence": 92.25,
      "verified": false,
      "published": true,
      "createdAt": "2025-11-03T20:42:50.089Z",
      "updatedAt": "2025-11-03T20:42:50.089Z"
    },
    {
      "id": "99ba09ec-f814-41a3-a011-b93152f304fd",
      "articleNumber": "2825",
      "productName": "Aluminium-plakat-standerdina1",
      "description": "Produktinformationen \"Aluminium-Plakat-Ständer DIN A | Stabil & standfest Innen & Außen einsetzbar Mit Stahlrückwand & Plakatabdeckung Kundenstopper OUTDOOR - Einlegeformat: DIN Al (594x841 mm) - Profil: 22mm Rondo - Oberprofile: silber-eloxiert (EVI) - Rückwand aus verzinktem Stahl - Posterschutzfolie: Antireflex Kundenstopper OUTDOOR DIN A1 Rondo - der preiswerte Aufsteller für aussen Kundenstopper OUTDOOR im 32mm Profil Rondo, Plakatständer mit Oberprofilen silber-eloxiert (EV1), Gehwegaufste",
      "price": 0,
      "tieredPrices": [
        {
          "price": "102.17",
          "quantity": 2
        },
        {
          "price": "91.85",
          "quantity": 9
        },
        {
          "price": "87.72",
          "quantity": 19
        },
        {
          "price": "81.53",
          "quantity": 20
        }
      ],
      "tieredPricesText": "Anzahl Stückpreis\nBis2 102,17 €*\nBis9 91,85 €*\nBis 19 87,72 €*\nAb20 81,53 €*",
      "currency": "EUR",
      "imageUrl": "/api/images/screenshots/052f82d3-3fdd-4878-b3d2-15c37663b1d9/2825/product-image.png",
      "thumbnailUrl": "/api/images/screenshots/052f82d3-3fdd-4878-b3d2-15c37663b1d9/2825/article-number.png",
      "ean": null,
      "category": null,
      "manufacturer": null,
      "sourceUrl": "https://shop.firmenich.de/DIN-A1-Plakate/Aluminium-Plakat-Staender-DIN-A-1",
      "crawlJobId": "052f82d3-3fdd-4878-b3d2-15c37663b1d9",
      "ocrConfidence": 84.5,
      "verified": false,
      "published": true,
      "createdAt": "2025-11-03T20:42:50.082Z",
      "updatedAt": "2025-11-03T20:42:50.082Z"
    },
    {
      "id": "6347ccce-27d9-45f2-8f3c-a04b248b70b7",
      "articleNumber": "2826",
      "productName": "ANTIREFLEXSCHUTZFOLIE DIN Al",
      "description": "Produktinformationen \"Antireflexschutzfolie Din Al” für Plakatständer mit UV-Schutz",
      "price": 11.29,
      "tieredPrices": [],
      "tieredPricesText": null,
      "currency": "EUR",
      "imageUrl": "/api/images/screenshots/052f82d3-3fdd-4878-b3d2-15c37663b1d9/2826/product-image.png",
      "thumbnailUrl": "/api/images/screenshots/052f82d3-3fdd-4878-b3d2-15c37663b1d9/2826/article-number.png",
      "ean": null,
      "category": null,
      "manufacturer": null,
      "sourceUrl": "https://shop.firmenich.de/DIN-A1-Plakate/Antireflexschutzfolie-Din-A1",
      "crawlJobId": "052f82d3-3fdd-4878-b3d2-15c37663b1d9",
      "ocrConfidence": 91.5,
      "verified": false,
      "published": true,
      "createdAt": "2025-11-03T20:42:50.078Z",
      "updatedAt": "2025-11-03T20:42:50.078Z"
    },
    {
      "id": "935128d3-6f7a-4238-bbe6-f479bdcba605",
      "articleNumber": "2199",
      "productName": "Asal Sauce Hollandaise Flüssig",
      "description": "Produktinformationen \"ASAL Sauce Hollandaise flüssig” 300 mi Im Display ä 12 Stück",
      "price": 0,
      "tieredPrices": [],
      "tieredPricesText": null,
      "currency": "EUR",
      "imageUrl": "/api/images/screenshots/052f82d3-3fdd-4878-b3d2-15c37663b1d9/2199/product-image.png",
      "thumbnailUrl": "/api/images/screenshots/052f82d3-3fdd-4878-b3d2-15c37663b1d9/2199/article-number.png",
      "ean": null,
      "category": null,
      "manufacturer": null,
      "sourceUrl": "https://shop.firmenich.de/Saucen/ASAL-Sauce-Hollandaise-fluessig",
      "crawlJobId": "052f82d3-3fdd-4878-b3d2-15c37663b1d9",
      "ocrConfidence": 92,
      "verified": false,
      "published": true,
      "createdAt": "2025-11-03T20:42:50.074Z",
      "updatedAt": "2025-11-03T20:42:50.074Z"
    },
    {
      "id": "e93e18f7-ea47-4fb1-a547-a4cf4438f57c",
      "articleNumber": "3816",
      "productName": "A1-set (plakatständer + Plakat \"geöffnet\")",
      "description": "Produktinformationen \"Al-Set (Plakatständer + Plakat \"gedffnet”)”",
      "price": 92.46,
      "tieredPrices": [],
      "tieredPricesText": null,
      "currency": "EUR",
      "imageUrl": "/api/images/screenshots/052f82d3-3fdd-4878-b3d2-15c37663b1d9/3816/product-image.png",
      "thumbnailUrl": "/api/images/screenshots/052f82d3-3fdd-4878-b3d2-15c37663b1d9/3816/article-number.png",
      "ean": null,
      "category": null,
      "manufacturer": null,
      "sourceUrl": "https://shop.firmenich.de/DIN-A1-Plakate/A1-Set-Plakatstaender-Plakat-geoeffnet",
      "crawlJobId": "052f82d3-3fdd-4878-b3d2-15c37663b1d9",
      "ocrConfidence": 88.5,
      "verified": false,
      "published": true,
      "createdAt": "2025-11-03T20:42:50.070Z",
      "updatedAt": "2025-11-03T20:42:50.070Z"
    },
    {
      "id": "fe6c8e55-ed6f-400c-94b7-f63bfc7b908b",
      "articleNumber": "8116",
      "productName": "Apfelsortierschablone",
      "description": "Produktinformationen \"Apfelsortierschablone” 12-teilig, aus Kunststoff",
      "price": 0,
      "tieredPrices": [
        {
          "price": "11.96",
          "quantity": 9
        },
        {
          "price": "10.64",
          "quantity": 19
        },
        {
          "price": "9.96",
          "quantity": 49
        }
      ],
      "tieredPricesText": "Anzahl Stückpreis\nBis9 11,96 €&*\nBis 19 10,64 €*\nBis 49 9,96 €*\nAbSO 9,30 €*",
      "currency": "EUR",
      "imageUrl": "/api/images/screenshots/052f82d3-3fdd-4878-b3d2-15c37663b1d9/8116/product-image.png",
      "thumbnailUrl": "/api/images/screenshots/052f82d3-3fdd-4878-b3d2-15c37663b1d9/8116/article-number.png",
      "ean": null,
      "category": null,
      "manufacturer": null,
      "sourceUrl": "https://shop.firmenich.de/Sortierschablonen/Apfelsortierschablone",
      "crawlJobId": "052f82d3-3fdd-4878-b3d2-15c37663b1d9",
      "ocrConfidence": 87.5,
      "verified": false,
      "published": true,
      "createdAt": "2025-11-03T20:42:50.067Z",
      "updatedAt": "2025-11-03T20:42:50.067Z"
    },
    {
      "id": "995456ef-0619-4cc7-8299-247062541b3a",
      "articleNumber": "7062",
      "productName": "Arbeitshandschuh, Gr. 10",
      "description": "Produktinformationen \"Arbeitshandschuh, Gr. 10” aus Kunstleder Sehr robust Hochwertige Qualität insbesondere im Vergleich zum günstigen Preis - Unser Preis/Leistungs-Tipp Im Karton ä 120 Paar Größe: 10 = XL",
      "price": 0,
      "tieredPrices": [
        {
          "price": "1.90",
          "quantity": 11
        },
        {
          "price": "1.57",
          "quantity": 59
        },
        {
          "price": "1.27",
          "quantity": 119
        },
        {
          "price": "1.15",
          "quantity": 120
        }
      ],
      "tieredPricesText": "Anzahl Stückpreis\nBis 11 1,90 €*\nBis 59 1,57 €*\nBis 119 1,27 €*\nAb 120 1,15€*",
      "currency": "EUR",
      "imageUrl": "/api/images/screenshots/052f82d3-3fdd-4878-b3d2-15c37663b1d9/7062/product-image.png",
      "thumbnailUrl": "/api/images/screenshots/052f82d3-3fdd-4878-b3d2-15c37663b1d9/7062/article-number.png",
      "ean": null,
      "category": null,
      "manufacturer": null,
      "sourceUrl": "https://shop.firmenich.de/detail/48697f8cc3ca4459aeb159872b5cebd1",
      "crawlJobId": "052f82d3-3fdd-4878-b3d2-15c37663b1d9",
      "ocrConfidence": 89.5,
      "verified": false,
      "published": true,
      "createdAt": "2025-11-03T20:42:50.063Z",
      "updatedAt": "2025-11-03T20:42:50.063Z"
    },
    {
      "id": "e707ba68-dd44-4386-a34f-978c4e7eb1c0",
      "articleNumber": "3812",
      "productName": "A1l-PLAKAT \"GEÖFFNET\"",
      "description": "Produktinformationen \"Al-Plakat \"geéffnet™ DIN A1 (59,4 x 84 cm) Material 120 g Affichenpapier",
      "price": 5.8,
      "tieredPrices": [],
      "tieredPricesText": null,
      "currency": "EUR",
      "imageUrl": "/api/images/screenshots/052f82d3-3fdd-4878-b3d2-15c37663b1d9/3812/product-image.png",
      "thumbnailUrl": "/api/images/screenshots/052f82d3-3fdd-4878-b3d2-15c37663b1d9/3812/article-number.png",
      "ean": null,
      "category": null,
      "manufacturer": null,
      "sourceUrl": "https://shop.firmenich.de/DIN-A1-Plakate/A1-Plakat-geoeffnet",
      "crawlJobId": "052f82d3-3fdd-4878-b3d2-15c37663b1d9",
      "ocrConfidence": 85.5,
      "verified": false,
      "published": true,
      "createdAt": "2025-11-03T20:42:50.060Z",
      "updatedAt": "2025-11-03T20:42:50.060Z"
    },
    {
      "id": "54c89b48-252e-4063-9a11-5d860eb4b643",
      "articleNumber": "7065",
      "productName": "Arbeitshandschuh, Gr. 10",
      "description": "Produktinformationen \"Arbeitshandschuh, Gr. 10” aus Rindvollleder Im Karton ä 120 Paar Größe: 10 = XL",
      "price": 0,
      "tieredPrices": [
        {
          "price": "3.09",
          "quantity": 11
        },
        {
          "price": "2.80",
          "quantity": 59
        },
        {
          "price": "2.67",
          "quantity": 119
        },
        {
          "price": "2.57",
          "quantity": 120
        }
      ],
      "tieredPricesText": "Anzahl Stückpreis\nBis 11 3,09 €*\nBis 59 2,80 €&*\nBis 119 2,67 €*\nAb 120 2,57€*",
      "currency": "EUR",
      "imageUrl": "/api/images/screenshots/052f82d3-3fdd-4878-b3d2-15c37663b1d9/7065/product-image.png",
      "thumbnailUrl": "/api/images/screenshots/052f82d3-3fdd-4878-b3d2-15c37663b1d9/7065/article-number.png",
      "ean": null,
      "category": null,
      "manufacturer": null,
      "sourceUrl": "https://shop.firmenich.de/Arbeitshandschuhe/Arbeitshandschuh-Gr.-10",
      "crawlJobId": "052f82d3-3fdd-4878-b3d2-15c37663b1d9",
      "ocrConfidence": 88.25,
      "verified": false,
      "published": true,
      "createdAt": "2025-11-03T20:42:50.056Z",
      "updatedAt": "2025-11-03T20:42:50.056Z"
    },
    {
      "id": "18a2630e-d1ea-49cd-9147-ac9de15fb8ed",
      "articleNumber": "3815",
      "productName": "A1-set (plakatstander + Plakat \"abstand\")",
      "description": "Produktinformationen \"Al-Set (Plakatständer + Plakat \"Abstand”)” Sonderpreis",
      "price": 92.46,
      "tieredPrices": [],
      "tieredPricesText": null,
      "currency": "EUR",
      "imageUrl": "/api/images/screenshots/052f82d3-3fdd-4878-b3d2-15c37663b1d9/3815/product-image.png",
      "thumbnailUrl": "/api/images/screenshots/052f82d3-3fdd-4878-b3d2-15c37663b1d9/3815/article-number.png",
      "ean": null,
      "category": null,
      "manufacturer": null,
      "sourceUrl": "https://shop.firmenich.de/DIN-A1-Plakate/A1-Set-Plakatstaender-Plakat-Abstand",
      "crawlJobId": "052f82d3-3fdd-4878-b3d2-15c37663b1d9",
      "ocrConfidence": 88.75,
      "verified": false,
      "published": true,
      "createdAt": "2025-11-03T20:42:50.053Z",
      "updatedAt": "2025-11-03T20:42:50.053Z"
    },
    {
      "id": "09e71578-da5d-429a-b637-c9498c8dece9",
      "articleNumber": "3811",
      "productName": "A1-plakat \"abstand Halten\"",
      "description": "Produktinformationen \"Al-Plakat \"Abstand halten™ DIN A1 (59,4 x 84 cm) Material 120 g Affichenpapier",
      "price": 5.8,
      "tieredPrices": [],
      "tieredPricesText": null,
      "currency": "EUR",
      "imageUrl": "/api/images/screenshots/052f82d3-3fdd-4878-b3d2-15c37663b1d9/3811/product-image.png",
      "thumbnailUrl": "/api/images/screenshots/052f82d3-3fdd-4878-b3d2-15c37663b1d9/3811/article-number.png",
      "ean": null,
      "category": null,
      "manufacturer": null,
      "sourceUrl": "https://shop.firmenich.de/DIN-A1-Plakate/A1-Plakat-Abstand-halten",
      "crawlJobId": "052f82d3-3fdd-4878-b3d2-15c37663b1d9",
      "ocrConfidence": 88.5,
      "verified": false,
      "published": true,
      "createdAt": "2025-11-03T20:42:50.049Z",
      "updatedAt": "2025-11-03T20:42:50.049Z"
    },
    {
      "id": "00521c64-03c8-4a07-9abc-7d3c79427a43",
      "articleNumber": "4317",
      "productName": "Apfelsortierschablone Aus Aluminium",
      "description": "Produktinformationen \"Apfelsortierschablone aus Aluminium” Apfelsortierschablonen aus Aluminium 13 RinggroRen von 30 - 90 mm",
      "price": 0,
      "tieredPrices": [
        {
          "price": "39.73",
          "quantity": 9
        },
        {
          "price": ".17",
          "quantity": 26
        },
        {
          "price": "29.23",
          "quantity": 29
        },
        {
          "price": "28.04",
          "quantity": 49
        }
      ],
      "tieredPricesText": "Anzahl Stückpreis\nBis9 39,73 €*\nBis 29 29,23 €*\nBis 49 28,04 €*\nAbSO 26,17 €*",
      "currency": "EUR",
      "imageUrl": "/api/images/screenshots/052f82d3-3fdd-4878-b3d2-15c37663b1d9/4317/product-image.png",
      "thumbnailUrl": "/api/images/screenshots/052f82d3-3fdd-4878-b3d2-15c37663b1d9/4317/article-number.png",
      "ean": null,
      "category": null,
      "manufacturer": null,
      "sourceUrl": "https://shop.firmenich.de/Erntekoerbe/Apfelsortierschablone-aus-Aluminium",
      "crawlJobId": "052f82d3-3fdd-4878-b3d2-15c37663b1d9",
      "ocrConfidence": 89.5,
      "verified": false,
      "published": true,
      "createdAt": "2025-11-03T20:42:50.045Z",
      "updatedAt": "2025-11-03T20:42:50.045Z"
    },
    {
      "id": "d388927e-0db7-4636-94a1-e468f17699ec",
      "articleNumber": "4314",
      "productName": "Apfelsortierschablone Aus Aluminium",
      "description": "Produktinformationen \"Apfelsortierschablone aus Aluminium” 13- teilig Durchmesser von 30 - 90 mm",
      "price": 0,
      "tieredPrices": [
        {
          "price": "40.25",
          "quantity": 9
        },
        {
          "price": ".80",
          "quantity": 25
        },
        {
          "price": "36.12",
          "quantity": 29
        },
        {
          "price": "29.93",
          "quantity": 49
        }
      ],
      "tieredPricesText": "Anzahl Stückpreis\nBis9 40,25 €*\nBis 29 36,12 €*\nBis 49 29,93 €*\nAbSO 25,80 €*",
      "currency": "EUR",
      "imageUrl": "/api/images/screenshots/052f82d3-3fdd-4878-b3d2-15c37663b1d9/4314/product-image.png",
      "thumbnailUrl": "/api/images/screenshots/052f82d3-3fdd-4878-b3d2-15c37663b1d9/4314/article-number.png",
      "ean": null,
      "category": null,
      "manufacturer": null,
      "sourceUrl": "https://shop.firmenich.de/Sortierschablonen/Apfelsortierschablone-aus-Aluminium",
      "crawlJobId": "052f82d3-3fdd-4878-b3d2-15c37663b1d9",
      "ocrConfidence": 88.25,
      "verified": false,
      "published": true,
      "createdAt": "2025-11-03T20:42:50.041Z",
      "updatedAt": "2025-11-03T20:42:50.041Z"
    },
    {
      "id": "0b5f8d23-27a1-4a31-b98b-6e91dcc6f89a",
      "articleNumber": "3711",
      "productName": "Abschneidemesser Mit Wellenschliff",
      "description": "Produktinformationen \"Abschneidemesser mit Wellenschliff Zum Ablängen des Spargels direkt auf dem Feld, KL= 36 cm Beste Qualität von Solinger Messermeister. Abschneidemesser 36cm Wellenschliff Kunststoffgriff gelb superscharf Rostfrei / Inox Molybdan 4116 Ausführung: + Hervorragend für den professionellen Einsatz + Qualitätsprodukt aus Solinger Produktion + Abschneidemesser + Farbe: Gelb + Klingenlange: 360 mm + Messer Wellenschliff + Flexibel + Besonders geeignet fiir Spargel + Leichte Benutzun",
      "price": 0,
      "tieredPrices": [
        {
          "price": "29.89",
          "quantity": 9
        },
        {
          "price": "29.23",
          "quantity": 19
        },
        {
          "price": ".90",
          "quantity": 25
        },
        {
          "price": "25.90",
          "quantity": 49
        }
      ],
      "tieredPricesText": "Anzahl Stückpreis\nBis9 29,89 €*\nBis 19 29,23 €*\nBis 49 25,90 €*\nAbSO 25,90 €*",
      "currency": "EUR",
      "imageUrl": "/api/images/screenshots/052f82d3-3fdd-4878-b3d2-15c37663b1d9/3711/product-image.png",
      "thumbnailUrl": "/api/images/screenshots/052f82d3-3fdd-4878-b3d2-15c37663b1d9/3711/article-number.png",
      "ean": null,
      "category": null,
      "manufacturer": null,
      "sourceUrl": "https://shop.firmenich.de/Abschneidemesser/Abschneidemesser-mit-Wellenschliff",
      "crawlJobId": "052f82d3-3fdd-4878-b3d2-15c37663b1d9",
      "ocrConfidence": 88.5,
      "verified": false,
      "published": true,
      "createdAt": "2025-11-03T20:42:50.037Z",
      "updatedAt": "2025-11-03T20:42:50.037Z"
    },
    {
      "id": "315a5e35-5912-44bb-9341-265e441d113b",
      "articleNumber": "8124",
      "productName": "Aluminium-stechkorb",
      "description": "Produktinformationen \"Aluminium-Stechkorb” Maße: 30 x 30 x 15 cm, Fassungsvermögen: ca. 5 kg Der bewährte quadratische Stechkorb für kurze Reihen aus Voll-Aluminium. Fassungsvermögen: ca. 5 kg, Maße: 30 x 30 x 15 cm, Gewicht: ca. 0,7 kg.",
      "price": 0,
      "tieredPrices": [
        {
          "price": "33.21",
          "quantity": 19
        },
        {
          "price": "30.56",
          "quantity": 49
        },
        {
          "price": "29.23",
          "quantity": 99
        },
        {
          "price": "27.91",
          "quantity": 100
        }
      ],
      "tieredPricesText": "Anzahl Stückpreis\nBis 19 33,21 €*\nBis 49 30,56 €*\nBis 99 29,23 €*\nAb 100 27,91 €*",
      "currency": "EUR",
      "imageUrl": "/api/images/screenshots/052f82d3-3fdd-4878-b3d2-15c37663b1d9/8124/product-image.png",
      "thumbnailUrl": "/api/images/screenshots/052f82d3-3fdd-4878-b3d2-15c37663b1d9/8124/article-number.png",
      "ean": null,
      "category": null,
      "manufacturer": null,
      "sourceUrl": "https://shop.firmenich.de/Erntekoerbe/Aluminium-Stechkorb",
      "crawlJobId": "052f82d3-3fdd-4878-b3d2-15c37663b1d9",
      "ocrConfidence": 90.25,
      "verified": false,
      "published": true,
      "createdAt": "2025-11-03T20:42:50.033Z",
      "updatedAt": "2025-11-03T20:42:50.033Z"
    },
    {
      "id": "9a28b835-347a-4951-8943-25a9da983c45",
      "articleNumber": "8120",
      "productName": "Apfelpflückkorb Gross Aus Aluminium",
      "description": "Produktinformationen \"Apfelpflückkorb groß aus Aluminium” Maße: 45 x 26 x 30,5 cm, für ca. 13 kg",
      "price": 0,
      "tieredPrices": [
        {
          "price": "78.22",
          "quantity": 9
        },
        {
          "price": "71.54",
          "quantity": 19
        },
        {
          "price": "64.95",
          "quantity": 49
        },
        {
          "price": ".97",
          "quantity": 56
        }
      ],
      "tieredPricesText": "Anzahl Stückpreis\nBis9 78,22 €*\nBis 19 71,54 €*\nBis 49 64,95 €*\nAbSO 56,97 €*",
      "currency": "EUR",
      "imageUrl": "/api/images/screenshots/052f82d3-3fdd-4878-b3d2-15c37663b1d9/8120/product-image.png",
      "thumbnailUrl": "/api/images/screenshots/052f82d3-3fdd-4878-b3d2-15c37663b1d9/8120/article-number.png",
      "ean": null,
      "category": null,
      "manufacturer": null,
      "sourceUrl": "https://shop.firmenich.de/Erntekoerbe/Apfelpflueckkorb-gross-aus-Aluminium-verschiedene-Ausfuehrungen",
      "crawlJobId": "052f82d3-3fdd-4878-b3d2-15c37663b1d9",
      "ocrConfidence": 91.25,
      "verified": false,
      "published": true,
      "createdAt": "2025-11-03T20:42:50.028Z",
      "updatedAt": "2025-11-03T20:42:50.028Z"
    },
    {
      "id": "d99843be-437b-4d3f-9f48-aadb53db79e5",
      "articleNumber": "4031",
      "productName": "Accusharp Sturdymount Messerschärfer",
      "description": "Produktinformationen \"AccuSharp SturdyMount Messerschärfer” Der AccuSharp Classic SturdyMount Messerschärfer lässt sich problemlos und sicher an Schneidebrettern, Küchentischen, Werkbänken etc befestigen und montieren. Keine schmutzigen Öle oder Steine mehr. Die diamantgeschliffenen Wolframcarbid-Schärfklingen sind reversibel und bieten Ihnen im normalen Haushaltsgebrauch ein hervorragendes Schärffinish. Ein langlebiger ABS-Kunststoffkörper und die Edelstahlschrauben machen den SturdyMount Messe",
      "price": 0,
      "tieredPrices": [
        {
          "price": "11.83",
          "quantity": 9
        },
        {
          "price": "9.82",
          "quantity": 19
        },
        {
          "price": "9.56",
          "quantity": 49
        }
      ],
      "tieredPricesText": "Anzahl Stückpreis\nBis9 11,83 €&*\nBis 19 9,82 €&*\nBis 49 9,56 €*\nAbSO 9,04 €*",
      "currency": "EUR",
      "imageUrl": "/api/images/screenshots/052f82d3-3fdd-4878-b3d2-15c37663b1d9/4031/product-image.png",
      "thumbnailUrl": "/api/images/screenshots/052f82d3-3fdd-4878-b3d2-15c37663b1d9/4031/article-number.png",
      "ean": null,
      "category": null,
      "manufacturer": null,
      "sourceUrl": "https://shop.firmenich.de/Schleifen/AccuSharp-SturdyMount-Messerschaerfer",
      "crawlJobId": "052f82d3-3fdd-4878-b3d2-15c37663b1d9",
      "ocrConfidence": 88.25,
      "verified": false,
      "published": true,
      "createdAt": "2025-11-03T20:42:50.024Z",
      "updatedAt": "2025-11-03T20:42:50.024Z"
    },
    {
      "id": "644fb9b3-849d-4366-ab0e-600db78756a6",
      "articleNumber": "4631",
      "productName": "ACCUSHARP",
      "description": "Produktinformationen \"Accusharp Accusharp Messer und Spitzen Schärfer Endlich ein Messerschärfer, den jeder benutzen kann! Produktmerkmale: A ( U Si {ARP- Scharfen Sie in etwa 10 Sekunden Messer (auch Wellenschliffmesser), Spaltgerate, Äxte, Macheten und viele andere KNIFE SHARPENERS schneidwerkzeuge * Der große ergonomische Griff liegt in beiden Händen sicher und fest Der Fingerschutz In voller Länge schützt Ihre Finger * Der Schärfmesser ist aus diamantgeschliffenem Wolframkarbid und bieten ja",
      "price": 0,
      "tieredPrices": [
        {
          "price": "11.53",
          "quantity": 11
        },
        {
          "price": ".61",
          "quantity": 12
        },
        {
          "price": "11.01",
          "quantity": 23
        },
        {
          "price": "10.24",
          "quantity": 24
        }
      ],
      "tieredPricesText": "Anzahl Stückpreis\nBiSS 12,61 €*\nBis 11 11,53 €&*\nBis 23 11,01 €*\nAb24 10,24 €&*",
      "currency": "EUR",
      "imageUrl": "/api/images/screenshots/052f82d3-3fdd-4878-b3d2-15c37663b1d9/4631/product-image.png",
      "thumbnailUrl": "/api/images/screenshots/052f82d3-3fdd-4878-b3d2-15c37663b1d9/4631/article-number.png",
      "ean": null,
      "category": null,
      "manufacturer": null,
      "sourceUrl": "https://shop.firmenich.de/Schleifen/Accusharp",
      "crawlJobId": "052f82d3-3fdd-4878-b3d2-15c37663b1d9",
      "ocrConfidence": 87.5,
      "verified": false,
      "published": true,
      "createdAt": "2025-11-03T20:42:50.019Z",
      "updatedAt": "2025-11-03T20:42:50.019Z"
    },
    {
      "id": "db9508fe-5104-4d41-82ba-c8b3cffc8b38",
      "articleNumber": "8122",
      "productName": "Aluminium-stechkorb",
      "description": "Produktinformationen \"Aluminium-Stechkorb” Maße: 37 x 27 x 12 cm Fassungsvermögen: ca. 5 kg Der bewährte Rechteck-Stechkorb für kurze Reihen aus Voll- Aluminium. Fassungsvermögen: ca. 5 kg, Maße: 37 x 27 x 12 cm, Gewicht: ca. 0,7 kg.",
      "price": 0,
      "tieredPrices": [
        {
          "price": "34.50",
          "quantity": 19
        },
        {
          "price": "31.87",
          "quantity": 49
        },
        {
          "price": "30.52",
          "quantity": 99
        },
        {
          "price": "29.23",
          "quantity": 100
        }
      ],
      "tieredPricesText": "Anzahl Stückpreis\nBis 19 34,50 €*\nBis 49 31,87 €*\nBis 99 30,52 €*\nAb 100 29,23 €*",
      "currency": "EUR",
      "imageUrl": "/api/images/screenshots/052f82d3-3fdd-4878-b3d2-15c37663b1d9/8122/product-image.png",
      "thumbnailUrl": "/api/images/screenshots/052f82d3-3fdd-4878-b3d2-15c37663b1d9/8122/article-number.png",
      "ean": null,
      "category": null,
      "manufacturer": null,
      "sourceUrl": "https://shop.firmenich.de/detail/5ca6d88b9c4b4b7fb251ffe3d5ac085f",
      "crawlJobId": "052f82d3-3fdd-4878-b3d2-15c37663b1d9",
      "ocrConfidence": 89,
      "verified": false,
      "published": true,
      "createdAt": "2025-11-03T20:42:50.015Z",
      "updatedAt": "2025-11-03T20:42:50.015Z"
    },
    {
      "id": "afda2f15-8cf7-4556-8096-588ffdb664bb",
      "articleNumber": "8133",
      "productName": "Aluminium-stechkorb",
      "description": "Produktinformationen \"Aluminium-Stechkorb” Maße: 52 x 28,5 x 15 cm, Fassunsgvermögen: ca. 10 kg Dies ist der „große Bruder“ unseres Bestsellers (8132), er ist 6 cm länger. Sehr gut geeignet für lange Reihen. Eine Längs- seite Vollalu zum Schutz der Spargelköpfe. Fassungsvermögen: ca. 10 kg, Maße: 52 x 28,5 x 15 cm, Gewicht: ca. 1 kg.",
      "price": 0,
      "tieredPrices": [
        {
          "price": "48.79",
          "quantity": 19
        },
        {
          "price": "44.41",
          "quantity": 49
        },
        {
          "price": "41.84",
          "quantity": 99
        },
        {
          "price": "39.91",
          "quantity": 100
        }
      ],
      "tieredPricesText": "Anzahl Stückpreis\nBis 19 48,79 €*\nBis 49 44,41 €*\nBis 99 41,84 €*\nAb 100 39,91 €*",
      "currency": "EUR",
      "imageUrl": "/api/images/screenshots/052f82d3-3fdd-4878-b3d2-15c37663b1d9/8133/product-image.png",
      "thumbnailUrl": "/api/images/screenshots/052f82d3-3fdd-4878-b3d2-15c37663b1d9/8133/article-number.png",
      "ean": null,
      "category": null,
      "manufacturer": null,
      "sourceUrl": "https://shop.firmenich.de/detail/1d8d2d05f87e485887c4086acfefd45e",
      "crawlJobId": "052f82d3-3fdd-4878-b3d2-15c37663b1d9",
      "ocrConfidence": 90.25,
      "verified": false,
      "published": true,
      "createdAt": "2025-11-03T20:42:50.010Z",
      "updatedAt": "2025-11-03T20:42:50.010Z"
    },
    {
      "id": "71a21b3a-61ce-4c56-8690-d4e280092135",
      "articleNumber": "8117",
      "productName": "Apfelpflückkiste",
      "description": "Produktinformationen \"Apfelpflückkiste” Apfelpflückkiste für ca. 20 kg Füllmenge Eigengewicht 2,7 kg, mit Gummizug zur Bodenentleerung, Maße: 48 x 30 x 25 cm",
      "price": 0,
      "tieredPrices": [
        {
          "price": "74.40",
          "quantity": 9
        },
        {
          "price": "66.43",
          "quantity": 19
        },
        {
          "price": "59.78",
          "quantity": 49
        },
        {
          "price": ".46",
          "quantity": 54
        }
      ],
      "tieredPricesText": "Anzahl Stückpreis\nBis9 74,40 €*\nBis 19 66,43 €*\nBis 49 59,78 €*\nAbSO 54,46 €*",
      "currency": "EUR",
      "imageUrl": "/api/images/screenshots/052f82d3-3fdd-4878-b3d2-15c37663b1d9/8117/product-image.png",
      "thumbnailUrl": "/api/images/screenshots/052f82d3-3fdd-4878-b3d2-15c37663b1d9/8117/article-number.png",
      "ean": null,
      "category": null,
      "manufacturer": null,
      "sourceUrl": "https://shop.firmenich.de/Erntekoerbe/Apfelpflueckkiste",
      "crawlJobId": "052f82d3-3fdd-4878-b3d2-15c37663b1d9",
      "ocrConfidence": 90.25,
      "verified": false,
      "published": true,
      "createdAt": "2025-11-03T20:42:50.006Z",
      "updatedAt": "2025-11-03T20:42:50.006Z"
    },
    {
      "id": "58b6bccc-68e1-44de-95d8-59cbebc178e2",
      "articleNumber": "8121",
      "productName": "Apfelpflückkorb Klein Aus Aluminium",
      "description": "Produktinformationen \"Apfelpflückkorb klein aus Aluminium” Maße: 40 x 22 x 30,5 cm, für ca. 10 kg",
      "price": 0,
      "tieredPrices": [
        {
          "price": "65.72",
          "quantity": 9
        },
        {
          "price": "59.35",
          "quantity": 19
        },
        {
          "price": "54.97",
          "quantity": 49
        },
        {
          "price": ".01",
          "quantity": 52
        }
      ],
      "tieredPricesText": "Anzahl Stückpreis\nBis9 65,72 €*\nBis 19 59,35 €*\nBis 49 54,97 €*\nAbSO 52,01 €*",
      "currency": "EUR",
      "imageUrl": "/api/images/screenshots/052f82d3-3fdd-4878-b3d2-15c37663b1d9/8121/product-image.png",
      "thumbnailUrl": "/api/images/screenshots/052f82d3-3fdd-4878-b3d2-15c37663b1d9/8121/article-number.png",
      "ean": null,
      "category": null,
      "manufacturer": null,
      "sourceUrl": "https://shop.firmenich.de/Erntekoerbe/Apfelpflueckkorb-klein-aus-Aluminium-verschiedene-Ausfuehrungen",
      "crawlJobId": "052f82d3-3fdd-4878-b3d2-15c37663b1d9",
      "ocrConfidence": 91,
      "verified": false,
      "published": true,
      "createdAt": "2025-11-03T20:42:50.001Z",
      "updatedAt": "2025-11-03T20:42:50.001Z"
    },
    {
      "id": "c406d0f8-601b-41a9-a839-00494f3e90d2",
      "articleNumber": "4093",
      "productName": "\"das Starker Abgebogene\" Schwalbenschwanz-stechmesser Mit Kunststoffgriff",
      "description": "Produktinformationen \"Das stärker Abgebogene” Schwalbenschwanz-Stechmesser mit Kunststoffgriff” wie Art. 4091, jedoch mit 30° Abwinkelung Handgeschmiedet, im Vakuum gehärtet und vergütet Länge: ca. 48 cm Klingenbreite 32 mm, Schaftbreite 18 mm Härte 57 HRC",
      "price": 0,
      "tieredPrices": [
        {
          "price": "28.65",
          "quantity": 9
        },
        {
          "price": "26.78",
          "quantity": 49
        },
        {
          "price": "2545",
          "quantity": 99
        },
        {
          "price": "24.25",
          "quantity": 100
        }
      ],
      "tieredPricesText": "Anzahl Stückpreis\nBis9 28,65 €*\nBis 49 26,78 €*\nBis 99 2545 €*\nAb 100 24,25 €*",
      "currency": "EUR",
      "imageUrl": "/api/images/screenshots/052f82d3-3fdd-4878-b3d2-15c37663b1d9/4093/product-image.png",
      "thumbnailUrl": "/api/images/screenshots/052f82d3-3fdd-4878-b3d2-15c37663b1d9/4093/article-number.png",
      "ean": null,
      "category": null,
      "manufacturer": null,
      "sourceUrl": "https://shop.firmenich.de/Schwalbenschwanz-Stechmesser/Das-staerker-Abgebogene-Schwalbenschwanz-Stechmesser-mit-Kunststoffgriff",
      "crawlJobId": "052f82d3-3fdd-4878-b3d2-15c37663b1d9",
      "ocrConfidence": 88,
      "verified": false,
      "published": true,
      "createdAt": "2025-11-03T20:42:49.996Z",
      "updatedAt": "2025-11-03T20:42:49.996Z"
    },
    {
      "id": "f18ca508-f566-4451-ac81-5fdee0d06075",
      "articleNumber": "3710",
      "productName": "Abschneidemesser Mit Glattschliff",
      "description": "Produktinformationen \"Abschneidemesser mit Glattschliff Zum Ablängen des Spargels direkt auf dem Feld, KL= 36 cm Beste Qualität von Solinger Messermeister. Abschneidemesser 36cm glatt Kunststoffgriff gelb superscharf Rostfrei / Inox Molybdan 4116 Ausführung: + Hervorragend für den professionellen Einsatz + Qualitätsprodukt aus Solinger Produktion + Abschneidemesser + Farbe: Gelb + Klingenlange: 360 mm + Messer glatt + Flexibel + Besonders geeignet für Spargel + Leichte Benutzung + Leicht zu rein",
      "price": 0,
      "tieredPrices": [
        {
          "price": "45.82",
          "quantity": 9
        },
        {
          "price": "41.19",
          "quantity": 19
        },
        {
          "price": ".06",
          "quantity": 37
        },
        {
          "price": "37.06",
          "quantity": 49
        }
      ],
      "tieredPricesText": "Anzahl Stückpreis\nBis9 45,82 €*\nBis 19 41,19 €*\nBis 49 37,06 €*\nAbSO 37,06 €*",
      "currency": "EUR",
      "imageUrl": "/api/images/screenshots/052f82d3-3fdd-4878-b3d2-15c37663b1d9/3710/product-image.png",
      "thumbnailUrl": "/api/images/screenshots/052f82d3-3fdd-4878-b3d2-15c37663b1d9/3710/article-number.png",
      "ean": null,
      "category": null,
      "manufacturer": null,
      "sourceUrl": "https://shop.firmenich.de/Abschneidemesser/Abschneidemesser-mit-Glattschliff",
      "crawlJobId": "052f82d3-3fdd-4878-b3d2-15c37663b1d9",
      "ocrConfidence": 88.5,
      "verified": false,
      "published": true,
      "createdAt": "2025-11-03T20:42:49.992Z",
      "updatedAt": "2025-11-03T20:42:49.992Z"
    },
    {
      "id": "e3a856bd-76a2-484a-974b-2cf383860d11",
      "articleNumber": "4083",
      "productName": "\"das Starke\" Mit Holzgriff - Schwalbenschwanz-stechmesser",
      "description": "Produktinformationen \"Das Starke” mit Holzgriff - Schwalbenschwanz-Stechmesser” Vergüteter Kohlenstoffstahl, eisgehärtet in bester Solinger Tradition, Holzgriff Schaftbreite: ca. 25 mm. Fir sandige Boden. Klingenbreite: 32 mm, Lange: ca. 48 cm, ca. 430 g.",
      "price": 0,
      "tieredPrices": [
        {
          "price": "21.67",
          "quantity": 9
        },
        {
          "price": "21.15",
          "quantity": 49
        },
        {
          "price": "20.34",
          "quantity": 99
        },
        {
          "price": "19.02",
          "quantity": 100
        }
      ],
      "tieredPricesText": "Anzahl Stückpreis\nBis9 21,67 €*\nBis 49 21,15 €*\nBis 99 20,34 €*\nAb 100 19,02 €&*",
      "currency": "EUR",
      "imageUrl": "/api/images/screenshots/052f82d3-3fdd-4878-b3d2-15c37663b1d9/4083/product-image.png",
      "thumbnailUrl": "/api/images/screenshots/052f82d3-3fdd-4878-b3d2-15c37663b1d9/4083/article-number.png",
      "ean": null,
      "category": null,
      "manufacturer": null,
      "sourceUrl": "https://shop.firmenich.de/Schwalbenschwanz-Stechmesser/Das-Starke-mit-Holzgriff-Schwalbenschwanz-Stechmesser",
      "crawlJobId": "052f82d3-3fdd-4878-b3d2-15c37663b1d9",
      "ocrConfidence": 88,
      "verified": false,
      "published": true,
      "createdAt": "2025-11-03T20:42:49.988Z",
      "updatedAt": "2025-11-03T20:42:49.988Z"
    },
    {
      "id": "14b70318-7c8d-4de2-b48d-d5d36907f157",
      "articleNumber": "3712",
      "productName": "Abschneidemesser Beidseitiger Wellenschliff",
      "description": "Produktinformationen \"Abschneidemesser beidseitiger Wellenschliff Zum Ablängen des Spargels direkt auf dem Feld, KL = 48 cm Beste Qualitat von Solinger Messermeister. Abschneidemesser 48 cm mit beidseitigem Wellenschliff Holzgriff superscharf Rostfrei / Inox Ausführung: + Hervorragend für den professionellen Einsatz + Qualitätsprodukt aus Solinger Produktion + Abschneidemesser * Farbe: Gelb + Klingenlange: 380 mm * Messer Wellenschliff beidseitig + Flexibel + Besonders geeignet für Spargel + Lei",
      "price": 0,
      "tieredPrices": [
        {
          "price": "53.65",
          "quantity": 9
        },
        {
          "price": "48.68",
          "quantity": 19
        },
        {
          "price": ".07",
          "quantity": 45
        },
        {
          "price": "45.07",
          "quantity": 49
        }
      ],
      "tieredPricesText": "Anzahl Stückpreis\nBis9 53,65 €*\nBis 19 48,68 €*\nBis 49 45,07 €*\nAbSO 45,07 €*",
      "currency": "EUR",
      "imageUrl": "/api/images/screenshots/052f82d3-3fdd-4878-b3d2-15c37663b1d9/3712/product-image.png",
      "thumbnailUrl": "/api/images/screenshots/052f82d3-3fdd-4878-b3d2-15c37663b1d9/3712/article-number.png",
      "ean": null,
      "category": null,
      "manufacturer": null,
      "sourceUrl": "https://shop.firmenich.de/Abschneidemesser/Abschneidemesser-beidseitiger-Wellenschliff",
      "crawlJobId": "052f82d3-3fdd-4878-b3d2-15c37663b1d9",
      "ocrConfidence": 88.75,
      "verified": false,
      "published": true,
      "createdAt": "2025-11-03T20:42:49.983Z",
      "updatedAt": "2025-11-03T20:42:49.983Z"
    },
    {
      "id": "d63d77f4-04dd-4485-b1b4-19ec22927d42",
      "articleNumber": "4079",
      "productName": "\"das Lange\" - Schwalbenschwanz- Stechmesser Mit Kunststoffgriff",
      "description": "Produktinformationen \"Das Lange” - Schwalbenschwanz-Stechmesser mit Kunststoffgriff” Schwalbenschwanzstechmesser mit ergonomischem, fiberglasverstärkten Kunststofihef. Bruchtest Spezial-Stahlegierung mit Hartmetaleigenschaften Länge: ca. 54,5 cm Kingenbreite: ca. 33 mm, Schaftbreite: 18 mm Gewicht: ca. 690 g, Härte: a. 57 HRC Abwinkelung; ca. 20°",
      "price": 0,
      "tieredPrices": [
        {
          "price": "33.08",
          "quantity": 9
        },
        {
          "price": "31.15",
          "quantity": 49
        },
        {
          "price": "30.37",
          "quantity": 99
        },
        {
          "price": "27.79",
          "quantity": 100
        }
      ],
      "tieredPricesText": "Anzahl Stückpreis\nBis9 33,08 €*\nBis 49 31,15 €*\nBis 99 30,37 €*\nAb 100 27,79 €*",
      "currency": "EUR",
      "imageUrl": "/api/images/screenshots/052f82d3-3fdd-4878-b3d2-15c37663b1d9/4079/product-image.png",
      "thumbnailUrl": "/api/images/screenshots/052f82d3-3fdd-4878-b3d2-15c37663b1d9/4079/article-number.png",
      "ean": null,
      "category": null,
      "manufacturer": null,
      "sourceUrl": "https://shop.firmenich.de/Schwalbenschwanz-Stechmesser/Das-Lange-Schwalbenschwanz-Stechmesser-mit-Kunststoffgriff",
      "crawlJobId": "052f82d3-3fdd-4878-b3d2-15c37663b1d9",
      "ocrConfidence": 85.25,
      "verified": false,
      "published": true,
      "createdAt": "2025-11-03T20:42:49.979Z",
      "updatedAt": "2025-11-03T20:42:49.979Z"
    },
    {
      "id": "233fd0a7-da45-4ae2-892b-a56c579650a3",
      "articleNumber": "7034",
      "productName": "\"der\" Pflanzenschutzhandschuh 33 Cm, Gr. 12",
      "description": "Produktinformationen “Der” Pflanzenschutzhandschuh 33 cm, Gr. 12” sehr gute Chemikalienbeständigkeit lebensmittelzugelassen, reißfester Nitrilhandschuh Im Karton ä 144 Paar Gr. 12 = XXXL",
      "price": 0,
      "tieredPrices": [
        {
          "price": "2.01",
          "quantity": 143
        },
        {
          "price": "1.71",
          "quantity": 144
        }
      ],
      "tieredPricesText": "© servicerHilfe\n\negriff eingeben Q © & Goooe\nBis 143 2,01€*\nAb 144 1,71 €*",
      "currency": "EUR",
      "imageUrl": "/api/images/screenshots/052f82d3-3fdd-4878-b3d2-15c37663b1d9/7034/product-image.png",
      "thumbnailUrl": "/api/images/screenshots/052f82d3-3fdd-4878-b3d2-15c37663b1d9/7034/article-number.png",
      "ean": null,
      "category": null,
      "manufacturer": null,
      "sourceUrl": "https://shop.firmenich.de/Sortierhandschuhe/Der-Pflanzenschutzhandschuh-33-cm",
      "crawlJobId": "052f82d3-3fdd-4878-b3d2-15c37663b1d9",
      "ocrConfidence": 85,
      "verified": false,
      "published": true,
      "createdAt": "2025-11-03T20:42:49.974Z",
      "updatedAt": "2025-11-03T20:42:49.974Z"
    },
    {
      "id": "499e4063-f011-4afd-b570-6daed3b62922",
      "articleNumber": "4051",
      "productName": "\"das Kurze\" - Schwalbenschwanz- Stechmesser Wie 4091, Nur 7 Cm Kürzer",
      "description": "Produktinformationen “Das Kurze” - Schwalbenschwanz-Stechmesser wie 4091, nur 7 cm kürzer Schwalbenschwanzstechmesser mit ergonomischem, fiberglasverstärkten Kunststoffheft, bruchfest, speziell für die optimale Handhabung beim Stechen nach der neuen Erntetechnik Spezial-Stahlegierung mit Hartmetalleigenschaften Länge: ca. 41,5 cm Kiingenbreite: ca. 32 mm Schaftbreite: 18 mm Härte: ca. 57 HRC Abwinkelung: ca. 25° Bei flacheren Pflanzungen und gegen zu lang gestochene Stangen.",
      "price": 0,
      "tieredPrices": [
        {
          "price": "22.45",
          "quantity": 9
        },
        {
          "price": "20.60",
          "quantity": 49
        },
        {
          "price": "18.45",
          "quantity": 99
        },
        {
          "price": "17.13",
          "quantity": 100
        }
      ],
      "tieredPricesText": "Anzahl Stückpreis\nBis9 22,45 €*\nBis 49 20,60 €*\nBis 99 18,45 €&*\nAb 100 17,13 €&*",
      "currency": "EUR",
      "imageUrl": "/api/images/screenshots/052f82d3-3fdd-4878-b3d2-15c37663b1d9/4051/product-image.png",
      "thumbnailUrl": "/api/images/screenshots/052f82d3-3fdd-4878-b3d2-15c37663b1d9/4051/article-number.png",
      "ean": null,
      "category": null,
      "manufacturer": null,
      "sourceUrl": "https://shop.firmenich.de/Schwalbenschwanz-Stechmesser/Das-Kurze-Schwalbenschwanz-Stechmesser-wie-4091-nur-7-cm-kuerzer",
      "crawlJobId": "052f82d3-3fdd-4878-b3d2-15c37663b1d9",
      "ocrConfidence": 87.5,
      "verified": false,
      "published": true,
      "createdAt": "2025-11-03T20:42:49.968Z",
      "updatedAt": "2025-11-03T20:42:49.968Z"
    },
    {
      "id": "db06797e-8d04-4161-985b-3f2821d0ee6f",
      "articleNumber": "4095",
      "productName": "\"das Starke\" Mit Kunststoffgriff - Schwalbenschwanz-stechmesser",
      "description": "Produktinformationen \"Das Starke” mit Kunststoffgriff - Schwalbenschwanz-Stechmesser” Mit ergonomischem Kunststoffgriff wie Art. 4091 jedoch mit 24 mm breitem Schaft",
      "price": 0,
      "tieredPrices": [
        {
          "price": "29.46",
          "quantity": 9
        },
        {
          "price": "27.60",
          "quantity": 49
        },
        {
          "price": "26.27",
          "quantity": 99
        },
        {
          "price": "24.95",
          "quantity": 100
        }
      ],
      "tieredPricesText": "Anzahl Stückpreis\nBis9 29,46 €*\nBis 49 27,60 €*\nBis 99 26,27 €*\nAb 100 24,95 €*",
      "currency": "EUR",
      "imageUrl": "/api/images/screenshots/052f82d3-3fdd-4878-b3d2-15c37663b1d9/4095/product-image.png",
      "thumbnailUrl": "/api/images/screenshots/052f82d3-3fdd-4878-b3d2-15c37663b1d9/4095/article-number.png",
      "ean": null,
      "category": null,
      "manufacturer": null,
      "sourceUrl": "https://shop.firmenich.de/Schwalbenschwanz-Stechmesser/Das-Starke-mit-Kunststoffgriff-Schwalbenschwanz-Stechmesser",
      "crawlJobId": "052f82d3-3fdd-4878-b3d2-15c37663b1d9",
      "ocrConfidence": 88,
      "verified": false,
      "published": true,
      "createdAt": "2025-11-03T20:42:49.962Z",
      "updatedAt": "2025-11-03T20:42:49.962Z"
    },
    {
      "id": "eb42ca2a-ab68-426f-8db6-c249834bf072",
      "articleNumber": "3709",
      "productName": "Abschneidemesser Mit Kullenschliff",
      "description": "Produktinformationen \"Abschneidemesser mit Kullenschliff Zum Ablängen des Spargels direkt auf dem Feld, KL= 36 cm Beste Qualität von Solinger Messermeister. Abschneidemesser 36cm Kullenschliff Kunststoffgriff gelb superscharf Rostfrei / Inox Molybdan 4116 Ausführung: + Hervorragend für den professionellen Einsatz + Qualitätsprodukt aus Solinger Produktion + Abschneidemesser + Farbe: Gelb + Klingenlange: 360 mm + Messer Kullenschliff + Flexibel + Besonders geeignet fiir Spargel + Leichte Benutzun",
      "price": 0,
      "tieredPrices": [
        {
          "price": "44.90",
          "quantity": 9
        },
        {
          "price": "40.65",
          "quantity": 19
        },
        {
          "price": ".20",
          "quantity": 37
        },
        {
          "price": "37.20",
          "quantity": 49
        }
      ],
      "tieredPricesText": "Anzahl Stückpreis\nBis9 44,90 €*\nBis 19 40,65 €*\nBis 49 37,20 €*\nAbSO 37,20 €*",
      "currency": "EUR",
      "imageUrl": "/api/images/screenshots/052f82d3-3fdd-4878-b3d2-15c37663b1d9/3709/product-image.png",
      "thumbnailUrl": "/api/images/screenshots/052f82d3-3fdd-4878-b3d2-15c37663b1d9/3709/article-number.png",
      "ean": null,
      "category": null,
      "manufacturer": null,
      "sourceUrl": "https://shop.firmenich.de/Abschneidemesser/Abschneidemesser-mit-Kullenschliff",
      "crawlJobId": "052f82d3-3fdd-4878-b3d2-15c37663b1d9",
      "ocrConfidence": 88.25,
      "verified": false,
      "published": true,
      "createdAt": "2025-11-03T20:42:49.958Z",
      "updatedAt": "2025-11-03T20:42:49.958Z"
    },
    {
      "id": "e81fe4af-f55a-41a2-8856-d3227022c0bc",
      "articleNumber": "3708",
      "productName": "Abschneidemesser Mit Glattschliff",
      "description": "Produktinformationen \"Abschneidemesser mit Glattschliff Zum Ablängen des Spargels direkt auf dem Feld, KL= 50 cm Beste Qualität von Solinger Messermeister. Abschneidemesser 50cm Kunststoffgriff gelb superscharf Rostfrei / Inox Molybdan 4116 Ausführung: + Hervorragend für den professionellen Einsatz + Qualitätsprodukt aus Solinger Produktion + Abschneidemesser + Farbe: Gelb + Klingenlange: 500 mm + Messer Glatt + Flexibel + Besonders geeignet fiir Spargel + Leichte Benutzung + Leicht zu reinigen ",
      "price": 0,
      "tieredPrices": [
        {
          "price": "47.83",
          "quantity": 9
        },
        {
          "price": "43.85",
          "quantity": 19
        },
        {
          "price": ".19",
          "quantity": 41
        },
        {
          "price": "41.19",
          "quantity": 49
        }
      ],
      "tieredPricesText": "Anzahl Stückpreis\nBis9 47,83 €*\nBis 19 43,85 €*\nBis 49 41,19 €*\nAbSO 41,19 €*",
      "currency": "EUR",
      "imageUrl": "/api/images/screenshots/052f82d3-3fdd-4878-b3d2-15c37663b1d9/3708/product-image.png",
      "thumbnailUrl": "/api/images/screenshots/052f82d3-3fdd-4878-b3d2-15c37663b1d9/3708/article-number.png",
      "ean": null,
      "category": null,
      "manufacturer": null,
      "sourceUrl": "https://shop.firmenich.de/detail/7642f81ba7aa40ef8f9e9b0ab5e008b1",
      "crawlJobId": "052f82d3-3fdd-4878-b3d2-15c37663b1d9",
      "ocrConfidence": 88.25,
      "verified": false,
      "published": true,
      "createdAt": "2025-11-03T20:42:49.952Z",
      "updatedAt": "2025-11-03T20:42:49.952Z"
    }
  ]
}